{
  "generated_at": "2025-11-19T05:07:13.480568",
  "source": "AACT ClinicalTrials.gov",
  "total_studies": 557805,
  "indications": {
    "hypertension": {
      "total_trials": 8695,
      "by_phase": {
        "Phase 1": {
          "n_trials": 482,
          "enrollment": {
            "mean": 69.09185803757829,
            "median": 36.0,
            "std": 315.7083420418678,
            "q25": 22.0,
            "q75": 60.0
          }
        },
        "Phase 2": {
          "n_trials": 684,
          "enrollment": {
            "mean": 120.6812030075188,
            "median": 60.0,
            "std": 252.9835475359056,
            "q25": 21.0,
            "q75": 136.0
          }
        },
        "Phase 3": {
          "n_trials": 1025,
          "enrollment": {
            "mean": 470.387031408308,
            "median": 225.0,
            "std": 1193.9009297996515,
            "q25": 80.0,
            "q75": 496.0
          }
        },
        "Phase 4": {
          "n_trials": 1018,
          "enrollment": {
            "mean": 472.0059347181009,
            "median": 89.0,
            "std": 2300.2588648909277,
            "q25": 33.5,
            "q75": 240.0
          }
        }
      }
    },
    "diabetes": {
      "total_trials": 20857,
      "by_phase": {
        "Phase 1": {
          "n_trials": 1713,
          "enrollment": {
            "mean": 55.69664902998236,
            "median": 32.0,
            "std": 270.30786964986197,
            "q25": 21.0,
            "q75": 53.0
          }
        },
        "Phase 2": {
          "n_trials": 1455,
          "enrollment": {
            "mean": 122.34652777777778,
            "median": 66.5,
            "std": 157.91502029985057,
            "q25": 25.0,
            "q75": 156.0
          }
        },
        "Phase 3": {
          "n_trials": 2020,
          "enrollment": {
            "mean": 601.1775,
            "median": 303.0,
            "std": 1473.6438511708984,
            "q25": 107.0,
            "q75": 560.0
          }
        },
        "Phase 4": {
          "n_trials": 1916,
          "enrollment": {
            "mean": 298.9069400630915,
            "median": 78.5,
            "std": 1160.8313457253437,
            "q25": 32.0,
            "q75": 186.75
          }
        }
      }
    },
    "cancer": {
      "total_trials": 82255,
      "by_phase": {
        "Phase 1": {
          "n_trials": 11260,
          "enrollment": {
            "mean": 57.45357728017477,
            "median": 27.0,
            "std": 168.798897249765,
            "q25": 15.0,
            "q75": 54.0
          }
        },
        "Phase 2": {
          "n_trials": 19681,
          "enrollment": {
            "mean": 160.0900518623291,
            "median": 46.0,
            "std": 7543.443384950893,
            "q25": 24.0,
            "q75": 90.0
          }
        },
        "Phase 3": {
          "n_trials": 5861,
          "enrollment": {
            "mean": 678.6546409807355,
            "median": 356.0,
            "std": 2256.499622650666,
            "q25": 160.0,
            "q75": 658.0
          }
        },
        "Phase 4": {
          "n_trials": 1124,
          "enrollment": {
            "mean": 1050.6846361185983,
            "median": 100.0,
            "std": 13528.190384106132,
            "q25": 41.0,
            "q75": 240.0
          }
        }
      }
    },
    "oncology": {
      "total_trials": 427,
      "by_phase": {
        "Phase 1": {
          "n_trials": 49,
          "enrollment": {
            "mean": 53.673469387755105,
            "median": 46.0,
            "std": 42.47567330989883,
            "q25": 27.0,
            "q75": 69.0
          }
        },
        "Phase 2": {
          "n_trials": 18,
          "enrollment": {
            "mean": 99.55555555555556,
            "median": 78.5,
            "std": 56.755639494054556,
            "q25": 53.5,
            "q75": 150.0
          }
        },
        "Phase 3": {
          "n_trials": 7,
          "enrollment": {
            "mean": 1988.2857142857142,
            "median": 800.0,
            "std": 3575.86267979657,
            "q25": 270.0,
            "q75": 1259.0
          }
        },
        "Phase 4": {
          "n_trials": 10,
          "enrollment": {
            "mean": 476.5,
            "median": 235.0,
            "std": 584.9197950716548,
            "q25": 94.75,
            "q75": 615.75
          }
        }
      }
    },
    "cardiovascular": {
      "total_trials": 5528,
      "by_phase": {
        "Phase 1": {
          "n_trials": 147,
          "enrollment": {
            "mean": 62.56849315068493,
            "median": 39.0,
            "std": 92.2681181186764,
            "q25": 18.0,
            "q75": 67.75
          }
        },
        "Phase 2": {
          "n_trials": 198,
          "enrollment": {
            "mean": 210.22754491017963,
            "median": 85.0,
            "std": 709.7063763856786,
            "q25": 32.0,
            "q75": 200.0
          }
        },
        "Phase 3": {
          "n_trials": 325,
          "enrollment": {
            "mean": 3499.0373443983403,
            "median": 744.0,
            "std": 6094.039370108541,
            "q25": 150.0,
            "q75": 3207.0
          }
        },
        "Phase 4": {
          "n_trials": 282,
          "enrollment": {
            "mean": 1753.2704626334519,
            "median": 92.0,
            "std": 5880.181890239705,
            "q25": 43.0,
            "q75": 290.0
          }
        }
      }
    },
    "heart failure": {
      "total_trials": 6525,
      "by_phase": {
        "Phase 1": {
          "n_trials": 212,
          "enrollment": {
            "mean": 38.54502369668246,
            "median": 22.0,
            "std": 63.170981971263686,
            "q25": 12.0,
            "q75": 48.0
          }
        },
        "Phase 2": {
          "n_trials": 471,
          "enrollment": {
            "mean": 114.58709677419355,
            "median": 60.0,
            "std": 167.4131576381896,
            "q25": 23.0,
            "q75": 144.0
          }
        },
        "Phase 3": {
          "n_trials": 409,
          "enrollment": {
            "mean": 1010.183879093199,
            "median": 216.0,
            "std": 2235.651240383515,
            "q25": 60.0,
            "q75": 713.0
          }
        },
        "Phase 4": {
          "n_trials": 538,
          "enrollment": {
            "mean": 377.39962476547845,
            "median": 70.0,
            "std": 2358.4425972952367,
            "q25": 30.0,
            "q75": 205.0
          }
        }
      }
    },
    "asthma": {
      "total_trials": 4974,
      "by_phase": {
        "Phase 1": {
          "n_trials": 341,
          "enrollment": {
            "mean": 57.67551622418879,
            "median": 34.0,
            "std": 98.13048773762034,
            "q25": 20.0,
            "q75": 60.0
          }
        },
        "Phase 2": {
          "n_trials": 632,
          "enrollment": {
            "mean": 148.9298245614035,
            "median": 60.0,
            "std": 220.9401958617156,
            "q25": 26.0,
            "q75": 190.5
          }
        },
        "Phase 3": {
          "n_trials": 591,
          "enrollment": {
            "mean": 512.1521367521367,
            "median": 300.0,
            "std": 788.0500617092681,
            "q25": 100.0,
            "q75": 630.0
          }
        },
        "Phase 4": {
          "n_trials": 481,
          "enrollment": {
            "mean": 287.72291666666666,
            "median": 80.0,
            "std": 998.3078523974906,
            "q25": 30.0,
            "q75": 205.25
          }
        }
      }
    },
    "copd": {
      "total_trials": 2456,
      "by_phase": {
        "Phase 1": {
          "n_trials": 90,
          "enrollment": {
            "mean": 106.56179775280899,
            "median": 39.0,